target,prediction_0_for_Female_1_for_Male
1,0.94709855
0,0.090415396
1,0.9246281
0,0.086585656
0,0.5669967
1,0.59342206
1,0.8123285
1,0.8319647
0,0.7454316
1,0.7403383
0,0.0422058
1,0.9692909
0,0.78086025
1,0.7647629
0,0.036319178
1,0.95851105
1,0.89504474
1,0.97372764
1,0.6940649
0,0.050333116
1,0.46669105
0,0.14018627
0,0.7562334
1,0.6207442
1,0.6682632
1,0.9181848
0,0.7723285
1,0.81486374
1,0.6740313
0,0.71908593
0,0.5166006
1,0.4421089
0,0.654816
1,0.46764097
1,0.97277766
0,0.3262666
1,0.6643765
1,0.15393855
1,0.4471356
0,0.036273267
1,0.39467323
1,0.90221566
0,0.05482771
1,0.0104962895
0,0.0068964013
1,0.9851151
0,0.016321873
0,0.0067756497
0,0.016321873
0,0.0065730982
1,0.9856289
1,0.9900337
0,0.006682465
1,0.99052715
0,0.005729193
1,0.99097157
1,0.9861194
0,0.014838918
0,0.005729193
1,0.9887221
0,0.006382981
1,0.9861194
1,0.9909985
0,0.00384181
0,0.00581684
1,0.99122393
0,0.0043013524
0,0.0063218516
0,0.0043013524
0,0.00384181
1,0.9867073
1,0.99109834
0,0.0040779617
1,0.9954234
1,0.9874849
1,0.99479747
0,0.005994159
1,0.98791784
0,0.019568237
1,0.9956447
0,0.0042931153
0,0.005994159
1,0.9956846
0,0.005772995
0,0.003927219
1,0.9885654
0,0.0051608984
0,0.003817358
0,0.005330903
1,0.987497
0,0.007930941
1,0.987497
0,0.005522507
0,0.007799045
0,0.0034110083
1,0.99302894
1,0.9873352
0,0.0051608984
1,0.99347854
1,0.99407804
1,0.993769
0,0.008633254
0,0.003936342
0,0.0034110083
1,0.9934009
0,0.008488453
1,0.9934009
0,0.005522507
0,0.008110001
1,0.9930934
1,0.98632044
1,0.9934009
1,0.9940878
1,0.98632044
1,0.99372864
1,0.9944248
0,0.007784494
1,0.99343634
1,0.9870946
0,0.0051608984
1,0.99372864
0,0.007917383
0,0.003936342
0,0.003441031
1,0.99372864
0,0.0038677924
0,0.0051608984
0,0.0055754976
0,0.003936342
1,0.99343634
0,0.0055084536
0,0.011022394
0,0.0036194872
1,0.9869357
1,0.9928266
0,0.0070492118
1,0.99581856
0,0.003716126
0,0.007861778
1,0.9927603
1,0.9919471
0,0.007364937
1,0.9940878
0,0.0064669666
0,0.007364937
1,0.99367106
0,0.0065553556
0,0.007849614
0,0.09533733
1,0.99281436
0,0.0816344
0,0.0069361576
1,0.0555937
1,0.031942546
1,0.9246945
1,0.91486436
0,0.026857475
0,0.025141865
1,0.9227211
1,0.91486436
0,0.018969072
0,0.15861641
1,0.9049358
1,0.8797297
0,0.032302197
0,0.06374602
0,0.02156894
1,0.9771424
0,0.028780362
1,0.98782736
0,0.02996826
1,0.95817
0,0.0234208
0,0.046395957
1,0.9460869
0,0.0283073
1,0.95584214
