feature,mean_importance
Relationship_Status,0.0
Country,0.0014808809116638288
Affects_Academic_Performance,0.0029646885329407844
Conflicts_Over_Social_Media,0.004650067255241241
Mental_Health_Score,0.005268979837654997
Sleep_Hours_Per_Night,0.009241979957066526
Addicted_Score,0.009902643003201672
Gender,0.026005758791638044
Avg_Daily_Usage_Hours,0.02841793024368202
Most_Used_Platform,0.030135629836894683
Student_ID,1.2476122706198733
Academic_Level,14.870596869085656
